id,user_name,user_location,user_description,user_created,user_followers,user_friends,user_favourites,user_verified,date,text,hashtags,source,retweets,favorites,is_retweet
1381625602676027396,BewustBlond,,Een pad ontstaat door er op te lopen....,2018-10-14 18:42:09,2,39,234,False,2021-04-12 15:09:47,Man dies shortly after #Pfizer vaccin. #COVID19 #PfizerBiontech #vaccin #Netherlands #coronavaccin https://t.co/aXDV7lw5OZ,"['Pfizer', 'COVID19', 'PfizerBiontech', 'vaccin', 'Netherlands', 'coronavaccin']",Twitter for iPhone,0,1,False
1350392244549783554,The World Reviews,,"Reviewing about the world and its happening daily. Follow us, share and spread the word. https://t.co/BIJFCNPEZZ",2020-01-30 10:35:51,680,3907,752,False,2021-01-16 10:39:34,"At least six #EU nations call the delayed delivery of #PfizerVaccine as â€œunacceptableâ€. 
Many bloc members are receâ€¦ https://t.co/Gjy358oRIN","['EU', 'PfizerVaccine']",Twitter for iPhone,0,0,False
1341633827974877186,Khaleej Times,United Arab Emirates,"The official Twitter feed of Khaleej Times, the UAE's first and leading English daily
https://t.co/OaJ0rBBfak",2009-01-11 07:56:56,601930,1161,531,True,2020-12-23 06:36:45,"How long does immunity last?

Itâ€™s hard to say at this point, but the WHO says that a minimum of six months would bâ€¦ https://t.co/JyoTK6IvWa",,Twitter for iPhone,1,4,False
1347651784639193088,ClÃ­odhna Cotter,"Dublin City, Ireland","Clinical Pharmacist / Special interests:
eHealth, ePharmacy, Med Rec/ Gaeilge /
Views my own",2017-01-25 21:19:04,273,873,1787,False,2021-01-08 21:09:58,Thank you to @HSELive @Pfizer_Ireland @ConnollyNursing and all who made this happen. Dose one of theâ€¦ https://t.co/Cqa6UYCkKL,,Twitter for Android,1,63,False
1370709323697975304,Angelica,Australia,"Health care worker, climate change believer, thinks #AuspolSoCorrupt & #NotMyPM, mother of 3, loves dogs, tolerates cats, TBirds ğŸ’— Strikers ğŸ’™ Matildaâ€™s ğŸ’›ğŸ’š",2019-10-28 00:32:05,235,435,13788,False,2021-03-13 12:12:23,@64Hyacinth Wtf Astra zeneca?? I note fckwit PM has had his #PfizerBiontech jab,['PfizerBiontech'],Twitter for Android,0,0,False
1343977405678030849,RightClick-Refresh,ğŸ‡¬ğŸ‡§,keep my hands in my pants Iâ€™m a good ass nigga,2013-08-10 12:18:08,83,362,3367,False,2020-12-29 17:49:18,"I'll take Oxford vaccine, Pfizer is US made so no trust, it may end your subscription at the end of the year, but Oâ€¦ https://t.co/2AuvHToORp",,Twitter for Android,0,0,False
1365876953044017153,Mrs Young,Australia,Queen of the #EastwoodYoungFamily winging it down under ğŸ‡¦ğŸ‡º,2021-01-07 08:05:02,5,14,15,False,2021-02-28 04:10:17,Wondering why the #TGA approves it and the #FDA doesn't!? ğŸ¤” #PfizerBioNTech #Facts #COVID19Vaccine https://t.co/KViAmKeMOL,"['TGA', 'FDA', 'PfizerBioNTech', 'Facts', 'COVID19Vaccine']",Twitter for Android,0,0,False
1405563970556096514,GK,Hyderabad,"#à°®à°¨à°®à°¾à°¤à±ƒà°­à°¾à°·à°¤à±†à°²à±à°—à±  #TDPTwitter Retweets are not endorsements 
#MedTwitter #Paediatrics #Pediatrics",2018-04-23 06:02:20,1592,4550,27600,False,2021-06-17 16:32:19,"Kudos to #TeamBioNtech &amp; #Pfizer 

Thank You #PfizerBioNtech https://t.co/bELkyNYrGY https://t.co/WGglJN9Mzp","['TeamBioNtech', 'Pfizer', 'PfizerBioNtech']",Twitter Web App,0,0,False
1351664078775746561,Jack Handley,"Sydney, New South Wales","Not a social media person...but hey, here I am. so much going on in the world, my thumbs have to participate. Dislike arguments from authority and like evidence",2020-08-04 19:33:45,67,189,1774,False,2021-01-19 22:53:23,@GYamey. You blocked me for simply mentioning the fact that the benifit of vaccines are provided as a relative riskâ€¦ https://t.co/cnzI1X9nmX,,Twitter for Android,0,0,False
1417126172383604740,NR,"Kuala Lumpur, Malaysia",PhD(Virology)/Academic(R)/RockefellerFdnFellow(NIAID)/GuestResearcher(NCID)/CosmopolitanCitizenOfDWorld!PASSIONATEAGAINSTINJUSTICE!RTsNotNecessarilyEndorsement!,2009-04-11 14:59:38,1791,1669,49536,False,2021-07-19 14:16:23,"Here we go: the story behind the #PfizerBioNTech mRNA vaccine!! Congratulations @kkariko!! ğŸ¤œğŸ¤›

https://t.co/Wzt4BkJ5rY",['PfizerBioNTech'],Twitter for Android,0,0,False
1349740592880787460,ferlen,,Do what makes you happy. Be with who makes you smile.,2018-06-13 18:25:34,15,625,15994,False,2021-01-14 15:30:08,Got my 2nd dose of #PfizerBioNTech this morning ğŸ’‰ It was a smooth procedure thanks to the nurses who were assignedâ€¦ https://t.co/sg3izjXxmW,['PfizerBioNTech'],Twitter for iPhone,0,1,False
1367864725745328133,Jimmy naaWin,United States,"Avgeek, world traveller, jet-A inhaler, living life one day at a time. All comments and opinions are of my own.",2017-09-10 00:16:15,75,434,184,False,2021-03-05 15:48:58,Thank you @WeAreDCPH and to all the staffs working tirelessly getting #texan vaccinated. Mama and I got our 2nd dozâ€¦ https://t.co/UM26VzdKlc,['texan'],Twitter for iPhone,0,6,False
1378099769956913153,Rachna Tandon,Delhi/Meerut,"District Epidemiologist, Meerut. Tweets are personal opinion. RTs are not an endorsement.",2014-10-02 20:07:17,79,126,128,False,2021-04-02 21:39:23,"#PfizerBiontech #CovidVaccine found safe and 100% effective in 12- to 15-year-olds, company reports based on prelimâ€¦ https://t.co/TrYDRa0ycV","['PfizerBiontech', 'CovidVaccine']",Twitter Web App,0,0,False
1347909967404269572,TomÃ¡s Ã“ CÃ¡rthaigh,"Galway, Ballinamuck, Banagher ","Politics, poetry, and all that is in between. Proudly #prolife - #aontÃº supporter: we are the #prolifeleft",2009-04-11 18:16:15,1300,3866,66205,False,2021-01-09 14:15:53,@missusryan @FergalBowers What was approved was the 5 dose per vial of #PfizerBioNTech #CovidVaccine - it's 0.45 peâ€¦ https://t.co/di58S02fl0,"['PfizerBioNTech', 'CovidVaccine']",Twitter for Android,0,0,False
1346227256620949510,Kyriakos Papadopoulos,"ÎšÎ¿Î¶Î¬Î½Î·, Î•Î»Î»Î¬Ï‚","Founder at @biennalesocial & @biennalesanto Artist. Curator. Economist. Brand Strategist at Leading Brands Agency (GR). Tweets in GR â€¢ IT â€¢ EN.

I break norms!",2009-02-04 08:24:47,686,234,28573,False,2021-01-04 22:49:24,"Do pharmaceutical companies had victims from #covid19? 

#PfizerBioNTech #AstraZeneca #Moderna #COVIDãƒ¼19 #COVID20 #Covid","['covid19', 'PfizerBioNTech', 'AstraZeneca', 'Moderna', 'COVIDãƒ¼19', 'COVID20', 'Covid']",Twitter Web App,0,1,False
1433497283556003850,@samillaiee,"London, England",https://t.co/sAgBinv4AC . #NHS Operations. #Mentor and Mentored #muslim #Pharmacist. @camhsstepstech DIGITAL HEALTH AND TRAINING.,2015-04-19 07:22:19,750,9,13177,False,2021-09-02 18:29:20,This one is controversial .  My vaccination vlog . Everythingâ€™s Muslim should consider before thinking about the vaâ€¦ https://t.co/YW8ysXphqZ,,Twitter for iPhone,0,1,False
1366266136862449664,Inasu Chirayath,Manjilas Studio,From fire to ice!,2009-11-30 09:10:41,128,192,1134,False,2021-03-01 05:56:45,Just finished my first dose of #COVID19Vaccine #PfizerBioNTech Iâ€™m forever grateful to this beautiful country #UAEâ€¦ https://t.co/FUScQc993e,"['COVID19Vaccine', 'PfizerBioNTech', 'UAE']",Twitter for iPhone,0,0,False
1368818114444500995,New Straits Times,Malaysia,"News, views and up-to-date reports from Malaysia's premier news source. All that and more at https://t.co/S8jbx5pMaF",2009-07-09 09:04:01,741179,428,961,True,2021-03-08 06:57:24,#NSTnation The government is expected to finalise discussions to obtain supply of 32 million doses of the Pfizer-Biâ€¦ https://t.co/TFLDloAHyD,['NSTnation'],Twitter Web App,0,1,False
1346827428123926529,Sumanth Patlolla,Hyderabad,Product Guy | IIFT Delhi Alumnus | Gunner | Runner | Quizzer | Explorer | Movie Buff | Football Enthusiast,2009-11-11 13:16:51,217,302,1410,False,2021-01-06 14:34:16,"new logo from @pfizer features a double helix spiral, and marks the first major redesign in 70 years #Pfizerâ€¦ https://t.co/PADlyST72t",['Pfizer'],Twitter Web App,0,0,False
1344949323608457219,IANS Tweets,New Delhi,India's largest independent News Agency,2010-05-08 13:21:45,60006,45,118,True,2021-01-01 10:11:21,More than half a million doses of the #PfizerBioNTech #vaccine have arrived in #SaudiArabia. The authorities are liâ€¦ https://t.co/qM5Vp3a2tz,"['PfizerBioNTech', 'vaccine', 'SaudiArabia']",Twitter Web App,2,5,False
1349828922091966464,Meaghan,/philadelphia,Maternal Fetal Medicine Research. MPH candidate @Penn. Watcher of all tv and live theater,2010-12-27 23:30:35,302,361,2649,False,2021-01-14 21:21:08,Got my first dose of the #PfizerBioNTech vaccine &amp; I feel great. I have a history of anaphylaxis so I had to wear aâ€¦ https://t.co/iYwi18JlT8,['PfizerBioNTech'],Twitter for iPhone,1,22,False
1342236913768529920,Jelena Milic,Serbia,"Director, Center for Euro-Atlantic Studies CEAS, SERBIA, @CeasSerbia",2016-08-31 15:00:25,2219,379,20289,False,2020-12-24 22:33:12,#Serbian PM Ms Brnabic @SerbianPM  Receiving #PfizerBioNTech vaccine https://t.co/bE12VI5gYw,"['Serbian', 'PfizerBioNTech']",Twitter Web App,0,0,False
1407638963175641094,Kenny Jones (ğŸ‘‰ vaccinated ğŸ‘‰ human/being ğŸ³ï¸â€ğŸŒˆ),"Phoenix, AZ","Someone who doesn't like to describe himself; from time to time, try to Go with the Flow. #RepublicansAreTheProblem",2021-04-15 04:52:32,76,675,2096,False,2021-06-23 09:57:36,"I'm #FullyVaccinated ğŸ‘ w/ #PfizerVaccine ğŸ’˜
If idiots don't wish 2 receive #lifesaving #vaccine ğŸ¤¦â€â™‚ï¸ then let them sâ€¦ https://t.co/WZBvBRHlOi","['FullyVaccinated', 'PfizerVaccine', 'lifesaving', 'vaccine']",Twitter for Android,1,0,False
1361275334847590401,Ros Griffiths ğŸ‡ªğŸ‡º+ğŸ‡¬ğŸ‡§+ğŸ‡ªğŸ‡¸ #FBPE #RejoinEU,European Union,ğŸ‡¬ğŸ‡§ to stay in theğŸ‡ªğŸ‡º! I also specialise in creating shopping websites showcasing real-time products at the best prices from top UK online stores.,2010-05-12 20:30:31,731,1154,43710,False,2021-02-15 11:25:05,"....and thank you Europe for developing the best vaccine available and letting us have the supplies, without whichâ€¦ https://t.co/Mclfq2sIkl",,Twitter for iPhone,0,0,False
1349620188832927744,Mashable Southeast Asia,Malaysia,"News, inspiration, and fun for the connected generation in SEA. 

Follow us on...
Facebook: https://t.co/bP7gsSUVT0
Instagram: https://t.co/CgxoDczLAv",2015-04-23 13:40:52,4143,28,59,True,2021-01-14 07:31:42,"This marks a historic shift in direction in the country's fight against COVID-19.
#MashableSEA #ThePhilippinesâ€¦ https://t.co/c7lOzLBq1Q","['MashableSEA', 'ThePhilippines']",Twitter Web App,0,0,False
1414197216042946565,Adam Wittek,"London, England",Lecoq-trained Actor | Presenter | Voice-Over Artist | Polyglot ğŸ‡¬ğŸ‡§ğŸ‡©ğŸ‡ªğŸ‡µğŸ‡±ğŸ‡«ğŸ‡· + David in #TheAWord + Co-Founder of @EquityUK Non-UK-Born Artists Network ğŸ­,2016-03-22 10:58:25,295,266,861,False,2021-07-11 12:17:45,"I did a #NumberTwo and it was magnificent! ğŸ’‰ğŸ’ªğŸ»
.
.
#VaccinatedActor #VaxxedAndRelaxed #NoSideEffects #CovidVaccineâ€¦ https://t.co/VIzAmiPCKX","['NumberTwo', 'VaccinatedActor', 'VaxxedAndRelaxed', 'NoSideEffects', 'CovidVaccine']",Twitter for Android,0,3,False
1349757640512073729,Hungary Today,Budapest,The latest tweets about #Hungary,2014-10-17 13:11:16,8533,1061,2370,False,2021-01-14 16:37:53,"Zsuzsanna Francia, daughter of #BioNTech biochemist Katalin KarikÃ³, is a two-time olympic gold medalist in rowing.â€¦ https://t.co/wuUcH9EpK3",['BioNTech'],Twitter Web App,0,5,False
1352706035694370817,Gregor Kalinkat,"Berlin, Deutschland",Ecologist at @LeibnizIGB | currently working in @AubeNews | tweeting for @AFL_org | subject editor @oikos_journal | @ASAPbio_ ambassador | views are mine,2014-12-03 12:38:11,2395,4203,29513,False,2021-01-22 19:53:45,#PfizerBioNTech now announced they are selling vaccines to the African Union https://t.co/NeCqz9YUH1,['PfizerBioNTech'],Twitter for iPhone,0,0,False
1343907088662212620,Idan Lipin,Israel,"News, opinions, and jokes - in Hebrew, English, and Polish (and maybe German?)
Linguistics and international relations student.",2012-10-22 15:39:38,38,293,688,False,2020-12-29 13:09:53,"I have #MyotonicDystrophy, and I had a real fear from #Coronavirus.

On the one hand, I have to use #CPAP because oâ€¦ https://t.co/e2bt4WIf17","['MyotonicDystrophy', 'Coronavirus', 'CPAP']",Twitter Web App,0,11,False
1406263090501406723,Leyvert Ann â™¡,Republic of the Philippines,LyvrtSgysyğŸ˜Š Aprl10ğŸ‚ Aries PickamForeverğŸ’âœŒ,2011-06-22 07:21:46,435,587,3564,False,2021-06-19 14:50:22,First shot. ğŸ’‰ğŸ’ #PfizerBioNTech https://t.co/NAHsFcgowJ,['PfizerBioNTech'],Instagram,0,0,False
1398523361060290562,We For News,"New Delhi, Delhi",News. Trends. Views. Insights. India and World at your fingertips. Delivered specially for you by a news icon.,2015-04-15 04:38:55,4589,76,4524,False,2021-05-29 06:15:27,"EU Recommends Pfizer-BioNTech Vaccine for 12-15 Year Olds 
#PfizerVaccine #PfizerBioNTech #VaccineForAll 
https://t.co/WH6SEPPPLy","['PfizerVaccine', 'PfizerBioNTech', 'VaccineForAll']",Twitter Web App,0,0,False
1417413418609528850,Trisha SeÃ±a,"Quezon City,Philippines",Fall seven times. Stand up eight. ğŸ’¯ğŸ’ª,2012-06-04 07:30:09,247,98,3818,False,2021-07-20 09:17:47,Fully vaccinated! â¤ğŸ’‰ Thank you Lord! ğŸ˜Š #PfizerBioNTech https://t.co/XLKmNC7cpo,['PfizerBioNTech'],Twitter for Android,0,1,False
1436373907641036800,All about Germany | deutschland.de,Frankfurt a.M.,"Stay up to date on what's happening in ğŸ‡©ğŸ‡ª and our global outreach to all regions of the ğŸŒ.
Recommendations: @ger_trends & @ger_service
ğŸ’¡ğŸ”— https://t.co/JTO1dmJvH5",2009-02-17 11:53:42,294895,2645,10923,True,2021-09-10 17:00:00,"Will the #PfizerBiontech vaccine soon be approved for 5-to-11-year-olds? 

As autumn is approaching,â€¦ https://t.co/QtT9lpBlfC",['PfizerBiontech'],Sprinklr Publishing,0,9,False
1356213674176774145,"Pharmocracy, India",India,"Abridging the gap between the Pharmaceutical Industry and Academia. For regular updates, Join us: https://t.co/aNA4FCHvEA",2020-11-27 10:43:05,25,102,35,False,2021-02-01 12:11:51,@Pharmacad2016 #pharmocracy #pharmacy #newsletters #updates #pharmaceutical #healthcare #Mondayfactsâ€¦ https://t.co/rmQPEhx0HM,"['pharmocracy', 'pharmacy', 'newsletters', 'updates', 'pharmaceutical', 'healthcare', 'Mondayfacts']",Twitter for Android,0,0,False
1347164009036967936,"Nataniel Lester-Coll, MD","Vermont, USA","Radiation Oncologist @UVMMedCenter Asst Prof @UVMLarnerMed â€¢ Married @candaspinar, Aylaâ€™s dad â€¢ Alum @PennMedicine @YaleMed â€¢ #MedEd #AdvancesRO editor #HSRonc",2014-01-14 21:31:32,3630,1694,21156,True,2021-01-07 12:51:43,"âœ… #PfizerBioNTech #CovidVaccine #2 

My heart aches after yesterdayâ€™s tragedy, but I donâ€™t feel a thing from this sâ€¦ https://t.co/loDOD4x1kQ","['PfizerBioNTech', 'CovidVaccine']",Twitter for iPhone,1,33,False
1397996008920031235,A Mocking Girl,This hallowed ground....,#Bitcoin,2009-05-14 12:28:51,392,630,52177,False,2021-05-27 19:19:56,@DrKissler #PfizerBioNTech 374 Tote https://t.co/4TCQm9kqTd,['PfizerBioNTech'],Twitter Web App,0,0,False
1354850144194351106,MarilynR,Herts,ğŸ´ó §ó ¢ó ³ó £ó ´ó ¿,2017-02-25 18:40:18,87,141,9538,False,2021-01-28 17:53:40,What is 'insufficient' data?  There is as much published data for the AstraZeneca vaccine as there is for the Pfizeâ€¦ https://t.co/Swc0ccBhae,,Twitter Web App,0,1,False
1375837337226244096,Margaret Byrne,,,2010-02-10 10:24:50,10,148,155,False,2021-03-27 15:49:17,"Mam got vaccine 2 this am. Doc says 2 weeks for full ""immunity"" and then she can bit the clubs... #PfizerBiontech #upyourscovid","['PfizerBiontech', 'upyourscovid']",Twitter for Android,0,1,False
1367870519245213706,CHEManager International,"Weinheim, Germany","Wileyâ€™s leading media brand providing first-hand information on the global chemical, life science and process industries.  https://t.co/xh8S6IJnaB",2010-01-14 07:42:26,3580,1199,468,False,2021-03-05 16:12:00,"As #immunization woes mount, #France has modified age limits it had placed on the #AstraZeneca vaccine earlier. Itâ€¦ https://t.co/S8Q1DlOnq6","['immunization', 'France', 'AstraZeneca']",TweetDeck,0,0,False
1366841327762223108,Kate ğŸ˜·,"Chicago, IL","Daughter, sister, aunt, flygirl. Activist, advocate, dissenter, resister, voter. Equal Rights warrior. Occasional misspeller. Living outside my echo chamber.",2014-08-10 17:51:46,86,589,11069,False,2021-03-02 20:02:21,Get your vaccine. Wear your mask. #COVID19Vaccine #PfizerBioNTech #firstdosedone https://t.co/ni2R2At6kp,"['COVID19Vaccine', 'PfizerBioNTech', 'firstdosedone']",Twitter for iPhone,0,1,False
1404220792829878274,Medical News Today,United States,Evidence based health information and the latest news from the world of medical research. ğŸ”¬,2009-06-24 15:46:42,86170,1754,3067,False,2021-06-13 23:35:00,The @CDCgov outlines the latest findings from the HEROES-RECOVER study. The study is one of the first to demonstratâ€¦ https://t.co/lsn4RpE4WF,,Sprout Social,1,4,False
1421842605223170048,SÃ©amus Keaveny,Ireland,GP Life is 4 living! Golf ğŸŒï¸â€â™‚ï¸ anybody seen my ball ğŸ¤”Best moments....finding ğŸ”the fairway . Tweets are my own. Social Distancing 2 Metres ğŸ˜·,2010-03-31 20:23:12,867,1473,22913,False,2021-08-01 14:37:48,"The new price for a #PfizerBiontech #Comirnaty shot ğŸ’‰ is â‚¬19.50 against â‚¬15.50 previously;
New price for #Modernaâ€¦ https://t.co/hERpQU6Jaj","['PfizerBiontech', 'Comirnaty', 'Moderna']",Twitter for iPhone,0,0,False
1451170677009129476,ronaldyohann,,,2012-03-01 01:25:54,18,239,5,False,2021-10-21 12:57:05,"THURSDAY: 

r e a d y
f o r 
t o m o r r o w â€˜ s 
ğŸ’‰ . . . 

20211021 20:55  ğŸ¤–ğŸ½ğŸˆ

#taipei #taiwan #positivevibesâ€¦ https://t.co/RHsEvAFFr2","['taipei', 'taiwan', 'positivevibes']",Instagram,0,0,False
1338150440534466560,The Epoch Times,"New York, USA","An independent, award-winning voice in print & online. Integrity & truthfulness in reporting. Email Sign up: https://t.co/OovwXvDr5L",2009-04-05 23:54:55,440115,90,28034,True,2020-12-13 15:55:01,"The newly approved #Vaccine for the #CCPVirus will start being distributed to US states on Dec. 14, according to ofâ€¦ https://t.co/qMJAhVhkOM","['Vaccine', 'CCPVirus']",Buffer,23,133,False
1380307205560369152,Tinomagura,,,2011-05-04 09:14:04,584,1609,12074,False,2021-04-08 23:50:57,Got my first vaccine shot #PfizerBiontech,['PfizerBiontech'],Twitter for Android,0,8,False
1407438181889236992,Claudia Ayala,,:: blah blah blah ::,2011-06-15 01:04:44,63,180,5404,False,2021-06-22 20:39:46,"I just got a new chip
ğŸ˜‰

#1stcovidjab #PfizerBioNTech ğŸ˜","['1stcovidjab', 'PfizerBioNTech']",Twitter for Android,0,1,False
1373922077007286277,JeanPhi,Cheese and frogs Land,"TV editor. Love tvseries, animation, jazz, space, planes, hurricanes and cats. Twitter is great, but don't forget to get a life. De omnibus dubitandum",2014-06-26 18:42:42,481,1352,6352,False,2021-03-22 08:58:44,@AP @joseffederman This election is presented to you by #PfizerBiontech,['PfizerBiontech'],Twitter Web App,0,0,False
1443575213778554890,PHS_Scientist,"Rockville, MD","The Scientist Professional Advisory Committee represents Scientists within the Commissioned Corps of the USPHS. Follows, favorites & retweets â‰  endorsements.",2017-03-10 08:12:50,99,111,670,False,2021-09-30 13:55:25,"Are you eligible for a booster? ğŸ’‰ğŸ’‰â•ğŸ’‰

@CDCgov recommends certain populations receive a #booster shot ofâ€¦ https://t.co/HsdVmL0TKa",['booster'],Twitter Web App,1,2,False
1344746162172157952,Marc Bailey,"Leeds, England",Associate Professor of Vascular Medicine & @TheBHF Intermediate Fellow @UoL_LICAMM | Vascular Surgery @LeedsHospitals | Aneurysm Research | Food | Wine | Gin,2016-07-25 18:03:20,730,836,4659,False,2020-12-31 20:44:03,"Thanks Simon. Useful to have this flagged up. 

But also. Go be me my second dose you bastards #PfizerBioNTech https://t.co/hN9JwAvLQR",['PfizerBioNTech'],Twitter for iPhone,0,1,False
1338578278056144897,India Grace McAlister,Toronto ,Cat Mom. india.mcalister@cbc.ca - Hit me up if you have any stories about Canadian kids! @cbckidsnews,2016-11-22 21:13:54,471,2823,52273,False,2020-12-14 20:15:05,"The first Ontarian was vaccinated just minutes later. A PSW, Anita Quidangen in Toronto.

#PfizerBioNTechâ€¦ https://t.co/VX9cisW1kf",['PfizerBioNTech'],Twitter Web App,0,1,False
1440757543341477901,Wall Street Finance,,"publication featuring Wall Street news, and world wide investment & financial news",2008-07-29 23:27:15,1336,3,0,False,2021-09-22 19:19:00,President #JoeBiden will call for 70% of the world to be vaccinated by this time next year during a virtual summitâ€¦ https://t.co/jRKJgcbiBg,['JoeBiden'],TweetDeck,0,0,False
1367775122711601152,Maria Chiu,,,2017-09-16 07:41:02,10,209,45,False,2021-03-05 09:52:55,Donâ€™t be afraid to get vaccinated COVID-19 vaccination will help protect you from getting COVID. You may have someâ€¦ https://t.co/WmYcV0Q7qO,,Twitter for iPhone,0,2,False
1365237579424165891,Mercuzio,"London, England","a maverick, a resilient dreamer, funny & dramatic. cuntrastamu. 
#bloccatodasalvini #risorsedellodio",2020-01-13 23:19:07,101,276,7678,False,2021-02-26 09:49:38,London Locked Down: Vaccini &amp; Co https://t.co/SM9IMMK37x #PfizerVaccine #PfizerBioNTech #CoronaVirusUpdates #NHSâ€¦ https://t.co/ZJ6VjXYBdj,"['PfizerVaccine', 'PfizerBioNTech', 'CoronaVirusUpdates', 'NHS']",Twitter for Android,0,0,False
1342057124042575872,Saudi Gazette,"Jeddah, Saudi Arabia","The official Twitter account of Saudi Gazette, a leading English language daily in Saudi Arabia.",2012-04-30 13:01:28,199356,2,6,True,2020-12-24 10:38:47,"#BREAKING: Vaccination against #COVID19 begins in #Jeddah, as first batches of #PfizerBioNTech vaccine has arrivedâ€¦ https://t.co/zj2Cp1M9C1","['BREAKING', 'COVID19', 'Jeddah', 'PfizerBioNTech']",Twitter Web App,50,336,False
1441356741594296321,alexander siu,626 â€¢ los angeles // new york city,producer â€¢ designer â€¢  #COVID19 writer â€¢ asian american culture creator â€¢ food inhaler // @uclafsph @andrewyang @fungbros @626nightmarket // ğŸ“@ucla,2008-09-10 02:20:14,8430,3655,405342,False,2021-09-24 11:00:00,"#BREAKING OVERNIGHT: @CDCDirector overrules #CDC advisory panel, approves #PfizerBiontech #CovidVaccineâ€¦ https://t.co/5j6HZ3pvlQ","['BREAKING', 'CDC', 'PfizerBiontech', 'CovidVaccine']",Twitter Web App,1,0,False
1374667676606423043,"Riikka Kevo | VihreÃ¤t, Turku",.fi .fr .se .uk .de,Future is Here. #Covid19 #VirusEsto #ZeroTolerance #TalousVihreÃ¤t #VihreÃ¤tSijoittajat #GeoPolitics #Asia #EU #CIS #Money #EconomicGeography #FineArt #Dyslexia,2017-02-19 13:09:04,1145,2548,44497,False,2021-03-24 10:21:28,@MartinMurdoch5 @maaritalexandra @Rullakartina @Mikkaup @JakeLitmanen @zin_zah @AnneMil62562135 @jussisaramoâ€¦ https://t.co/LbKLcaEkzH,,Twitter for iPad,0,1,False
1343044441909547008,Chris Lancashire,,"Author #BeyondCourage: Memoir of my son #AndrewsStory #Chondroblastic #Osteosarcoma #SarcomaAngel #AYAcancer
Book trailer
https://t.co/439TD14rRn",2015-12-12 03:56:35,2732,4962,108693,False,2020-12-27 04:02:02,"@AlanBixter @drajm @NjbBari3 @devisridhar @YouAreLobbyLud @FDA @TGAgovau As a consumer, I would like to be informedâ€¦ https://t.co/J63jFC1O1R",,Twitter for Android,0,2,False
1351353747104960514,Linda Takahashi,,"Journalist, comic book geek, cosplayer, gym rat, busy mom, foodie who would run away to join the circus at the drop of a hat",2009-05-23 15:47:40,864,1492,6059,False,2021-01-19 02:20:14,Just found out that I DID receive the active #PfizerBioNTech vaccine as part of the #Coronavirus clinical trial.  Gâ€¦ https://t.co/g9ARqaLVpt,"['PfizerBioNTech', 'Coronavirus']",Twitter for Android,1,28,False
1345611052268937216,The Daily Star,Bangladesh,"Bangladesh's largest English Daily. The latest & breaking news, features, analysis and more from @dailystarnews.",2009-09-27 08:54:28,861523,82,482,True,2021-01-03 06:00:49,Mexican authorities said they are studying the case of a 32-year-old female doctor who was hospitalized after receiâ€¦ https://t.co/gQf9huSvW0,,Twitter Web App,1,17,False
1375803959991017479,GÃ¼ldenay Sonumut,Earth,"News Producer @SkyNews / Opinions are my own /  tweets in eng/turkish /IPI Turkey member/ loves rainbows ğŸŒˆ
instagram: @producer_guldenay",2012-03-15 17:17:59,4391,3530,5509,False,2021-03-27 13:36:39,"Turkish Health Minister Koca gave an exclusive statement to Turkish Haberturk.
On #PfizerBiontech 1/2
ğŸ”´5.850 dosesâ€¦ https://t.co/ZJHMgXnfTF",['PfizerBiontech'],Twitter Web App,1,5,False
1436352422818074639,DarQ,Behind You ğŸ’€,Deleted @30k - Esoterically Adept and Spiritually Aware - Thread Maker - Civil Disobedience - Non Compliance - #Patriot - Digital Soldier- MMA,2021-08-23 00:45:09,538,1307,5171,False,2021-09-10 15:34:38,"The Shady past of Pfizer...

#vaccine #VaccineMandate #PfizerBioNTech 

https://t.co/ylQBmkTf3z","['vaccine', 'VaccineMandate', 'PfizerBioNTech']",Twitter Web App,1,0,False
1440903515199578112,National Herald,"New Delhi, India","National Heraldâ€”founded in 1938 by Jawaharlal Nehruâ€”is a news website and weekly newspaper with a focus on people, governance and current affairs",2014-06-27 05:46:24,108436,327,359,True,2021-09-23 04:59:03,"#US FDA gives nods to booster dose for high-risk adults 
#PfizerBioNTech #COVID19Vaccine 
https://t.co/TpxAetlJVl","['US', 'PfizerBioNTech', 'COVID19Vaccine']",TweetDeck,0,6,False
1338832008538185728,Calvin Swine,"Etobicoke,ON,CANADA","Artist, entrepreneur, educated bum; skills in writing, performing, film, photography; dances, jogs, tennises; loves beautiful music, cries a lot, tears of joy.",2011-03-28 15:03:06,2515,3656,241631,False,2020-12-15 13:03:19,"Bravo Anita for your dedication and hard work taking care of seniors in #LTC.â¤ï¸ğŸ‘ğŸ»ğŸ‘ğŸ»ğŸ™ğŸ»ğŸ˜·ğŸ„
#PSW #COVID19 #vaccineâ€¦ https://t.co/urHJaC6cDO","['LTC', 'PSW', 'COVID19', 'vaccine']",Twitter for iPhone,0,0,False
1432532590024699920,B. Nazan Walpoth,"Bern, Schweiz","Ã„rztin, Kardiologin, #Inselgruppe #GrossrÃ¤tin Kanton Bern, Frau Herz, Echocardiographie, Dozentin Vorstand VSAO #SPBern, #GRBE #VSAO #SPMigrantInnen",2009-12-20 08:38:22,642,2134,3267,False,2021-08-31 02:35:59,"Limitations of this study include the lack of data on cellular #immunity and on #neutralizingantibodies, as well asâ€¦ https://t.co/tFjj42TrDJ","['immunity', 'neutralizingantibodies']",Twitter for iPhone,0,0,False
1382278123761192968,Backheel Media,Hong Kong,Multimedia sports content provider with a fan-first philosophy to deliver what they want to see where and how they want to see it.,2021-01-15 04:35:50,156,49,34,False,2021-04-14 10:22:40,"Our founders are now fully vaccinated ğŸ’‰ğŸ’‰

(Peteâ€™s too shy for a photo this time)

#PfizerBioNTech https://t.co/Xby5Ln3eGT",['PfizerBioNTech'],Twitter for iPhone,0,1,False
1337783770070409218,ILKHA,TÃ¼rkiye,Official Twitter account of Ilke News Agency /,2015-05-22 08:31:12,4056,6,3,True,2020-12-12 15:38:00,"Coronavirus: Iran reports 8,201 new cases, 221 deaths in the last 24 hours #Iran #coronavirus #PfizerBioNTechâ€¦ https://t.co/mwDNAdmb7F","['Iran', 'coronavirus', 'PfizerBioNTech']",TweetDeck,3,5,False
1339280155282452483,KatInETex,,Back fighting censors 4 @RealDonaldTrump & to #StopTheSteal 5th Gen Great State of TX - REAL CHEROKEE #FightLikeAFlynn ğŸ‡ºğŸ‡¸ ğŸ’¥ #SidneyPowell American Hero #1776,2020-11-21 16:41:56,29,84,3938,False,2020-12-16 18:44:06,@PharmDRogers87 @mhshospital It is the #CCP #PfizerBioNTech Natural Selection Injection to rid the world ofâ€¦ https://t.co/mfiA174ii4,"['CCP', 'PfizerBioNTech']",Twitter Web App,0,0,False
1347469539550912512,Toni Waterman,"Brussels, Belgium","Boston girl, global citizen. Brussels correspondent for @FSNLIVE. Ex-Int'l Biz Anchor @ChannelNewsAsia. Ex- @WGBH + @ABC. Love travel + craft beer + big fish.",2009-06-18 21:20:11,1862,1761,941,False,2021-01-08 09:05:47,"#BREAKING 

Europe has doubled its deal with #PfizerBioNTech giving it access to 600 million doses of the vaccine.â€¦ https://t.co/JKQCtquMWl","['BREAKING', 'PfizerBioNTech']",Twitter Web App,0,0,False
1352336632372998144,Antonio Serrano,"Niza, Francia",Doctor in Biology #FungalGenetics. Postdoctoral researcher investigating polarity and hyphal branching in Candida albicans @CNRS #ArkowitzTeam,2010-11-05 14:29:32,167,517,1940,False,2021-01-21 19:25:53,"Vaccination progress in Spain: https://t.co/nraDwsQlC9
#COVID19 #PfizerBioNTech #Moderna","['COVID19', 'PfizerBioNTech', 'Moderna']",Twitter Web App,0,2,False
1373061861751582722,allenbmrn,"New York, USA",Athleteâ€¢PRIDEğŸ³ï¸â€ğŸŒˆâ€¢Nurseâ€¢US-EMT,2018-12-17 20:58:59,11,138,1270,False,2021-03-20 00:00:32,Covid 19 vaccine doneğŸ’ªğŸ»ğŸ‘ŒğŸ» #PfizerCovidVaccine #PfizerBiontech,"['PfizerCovidVaccine', 'PfizerBiontech']",Twitter for iPhone,0,0,False
1398849301762039810,TheRealityHunt.live,Lucknow,Welcome to https://t.co/rqgWDUCLRn for the latest news and to keep pace with the running society. We keep you updated with the latest news.,2020-11-10 06:21:01,52,3,1156,False,2021-05-30 03:50:37,"Pfizer Vaccine Less Effective But Protects Against Strain

https://t.co/PmzqqGT2fG
Tag: #pfizervacine #vaccine #COVID19 #PfizerBioNTech","['pfizervacine', 'vaccine', 'COVID19', 'PfizerBioNTech']",Twitter for Android,0,2,False
1343568953025699853,Primate sovranista,,Bipede italico,2020-12-24 18:43:42,1,65,56,False,2020-12-28 14:46:15,"There's a party!!
#VaccineDay #vaccinoCovid #vaccinoday #Vaxday #COVIDãƒ¼19 #Arcuri #celofaremo #PfizerBioNTechâ€¦ https://t.co/26TcdZ5Lnz","['VaccineDay', 'vaccinoCovid', 'vaccinoday', 'Vaxday', 'COVIDãƒ¼19', 'Arcuri', 'celofaremo', 'PfizerBioNTech']",Twitter for Android,2,2,False
1338587622214610946,Joanbeam3000,La Belle Province,"Be yourself, everyone else is already taken. ~ Oscar Wilde     #Twinja",2014-10-06 04:28:08,2597,4988,338282,False,2020-12-14 20:52:13,"@dwain_campbell Unfortunately, Hansard does not capture all the aggro finger-pointing and desk-thumping that were/aâ€¦ https://t.co/RbPKbFgPDE",,Twitter Web App,0,0,False
1348652600380502018,Alon Crini,Milano,"If you want to go fast, go alone. If you want to go far, go together.",2012-04-01 20:24:09,112,1113,1786,False,2021-01-11 15:26:51,"Got my covid vaccine today ğŸ”¥ğŸ”¥ğŸ”¥
#vaccinoCovid #PfizerBioNTech https://t.co/KsXe4NnDZS","['vaccinoCovid', 'PfizerBioNTech']",Twitter for iPhone,0,3,False
1462067944008134656,Walker,,#Catholic #conservative #fightback #1A #2A #MAGA2020,2016-09-01 20:39:35,1949,5001,231264,False,2021-11-20 14:38:56,The #FDA asked a federal judge on Nov. 15 to give it until the year 2076 to fully release the documents in its possâ€¦ https://t.co/PzXKPrRCaq,['FDA'],Twitter for iPad,0,0,False
1369331987006242823,Daniel.,"Pereira, la capital del Eje ",Medico.,2010-09-25 12:40:21,371,1135,3490,False,2021-03-09 16:59:21,"Done! 
#MiVacuna #PfizerBiontech https://t.co/Te32zgxHzG","['MiVacuna', 'PfizerBiontech']",Twitter for Android,0,8,False
1338149264778784772,Perses Mixcoatl,,,2009-09-21 19:45:57,12,45,508,False,2020-12-13 15:50:20,"@tedcruz We know Trumpkins like you are not as informed- so here goes:
1) #PfizerBioNTech vaccine was developed inâ€¦ https://t.co/uPLiBfjzjh",['PfizerBioNTech'],Twitter for Android,0,0,False
1446447533106950157,Focus Taiwan (CNA English News),Central News Agency (CNA),"Daily news from & about Taiwan, local paper headlines, and photos of the day. Retweet! Follow FB: @focus.tw Insta: @focus_tw",2009-07-27 06:41:57,55029,838,3357,False,2021-10-08 12:09:00,Another shipment of 1.13 million doses of the #Moderna COVID-19 vaccine is due to arrive in Taiwan by early Saturdaâ€¦ https://t.co/Xyd8IrJlpA,['Moderna'],TweetDeck,5,10,False
1344709219711377410,Robert Hunter MD,Scotland,neuroscience / medicine / psychiatry / for change / neach-ionnsachaidh / European ğŸ‡ªğŸ‡ºğŸ´ó §ó ¢ó ³ó £ó ´ó ¿,2013-02-23 11:59:54,1061,4496,17591,False,2020-12-31 18:17:16,"Letâ€™s hope this is evidenced-based, and not politics-based, medicine. Without medical staff having access to the daâ€¦ https://t.co/wLtDxt0HNW",,Twitter for iPad,0,0,False
1346770523393576960,Parama Chaudhury,United Kingdom,"Economics|education|politics|cricket. Director @CTaLE_UCL, PFHEA. @econucl, ex @OxfordEconDept, @DartmouthEcon & @YaleEconomics. Bengali & Calcuttan. She/her.",2014-09-19 09:59:50,1113,674,17334,False,2021-01-06 10:48:09,"What does ""95% (or for that matter, 70%) effective"" mean for a vaccine? @TheEconomist @guardian @BBCNewsâ€¦ https://t.co/1xdNv9hVvz",,Twitter Web App,3,3,False
1394693907653533696,Ian Sharkey,,,2013-10-19 12:05:58,675,950,29417,False,2021-05-18 16:38:34,Fully vaccinated #openthecountry #aweedropofpfizer #PfizerBiontech https://t.co/fEGOAXuegu,"['openthecountry', 'aweedropofpfizer', 'PfizerBiontech']",Twitter for Android,0,62,False
1340148839240650755,Alper Uzun Ph.D.ğŸ§¬âœï¸ ğŸ§‘ğŸ»â€ğŸ”¬,"Brown U., School of Medicine","Assist. Prof. of Pediatrics, @BrownUniversity, works on #genetics of complex diseases, #ML. Comp.Biologist. #Cartoonist at https://t.co/O5prcr7Jcw",2010-12-05 21:48:26,2218,1448,2911,False,2020-12-19 04:15:56,"Cool guys are in town!

#vaccine #PfizerBioNTech  #moderna https://t.co/6N4d9fzagG","['vaccine', 'PfizerBioNTech', 'moderna']",Twitter for iPad,20,178,False
1347667361625747456,AimÃ©e Vester,"Atlanta, GA",MS4 @EmoryMedicine | Environmental Health PhD @EmoryRollins | Future Pediatrician | #DoubleDocs #ForeverGoBlue | views my own,2015-05-22 13:13:27,677,854,4231,False,2021-01-08 22:11:52,So grateful for the opportunity to be vaccinated and help vaccinate with @FultonHealth at @MBStadium today! ~1400+â€¦ https://t.co/AyoS1pSNS2,,Twitter for iPhone,0,41,False
1365632534227394563,Bahrain Embassy UK,London,Welcome to the Official Twitter account of the Embassy of the Kingdom of Bahrain in the UK ğŸ‡§ğŸ‡­ğŸ‡¬ğŸ‡§ Ø§Ù„Ø­Ø³Ø§Ø¨ Ø§Ù„Ø±Ø³Ù…ÙŠ Ù„Ø³ÙØ§Ø±Ø© Ù…Ù…Ù„ÙƒØ© Ø§Ù„Ø¨Ø­Ø±ÙŠÙ† Ù„Ø¯Ù‰ Ø§Ù„Ù…Ù…Ù„ÙƒØ© Ø§Ù„Ù…ØªØ­Ø¯Ø©,2012-02-06 06:51:41,4295,130,147,True,2021-02-27 11:59:03,#Bahrain has the 4th highest number of #COVID19Vaccination doses administered per 100 people - the Kingdom grantedâ€¦ https://t.co/rc4F46eNZp,"['Bahrain', 'COVID19Vaccination']",Buffer,0,2,False
1338410385850896384,Okkie Tenggala,,,2016-11-11 17:24:59,4734,5026,90142,False,2020-12-14 09:07:57,"@realDonaldTrump WorldğŸŒ 
Thank  you #PfizerBioNTech 
#DrSahin &amp; Team https://t.co/rBp6Ox1lts","['PfizerBioNTech', 'DrSahin']",Twitter for Android,11,37,False
1352224708398358532,#ğ—›ğ—²ğ—¹ğ—¹ğ—¼ğ— ğ˜†ğ—¡ğ—®ğ—ºğ—²ğ—œğ˜€á’Oá”•á—´á‘­á•¼ğ‚‚ğŸ’šğŸ¼ğŸ’š,"London, England",Clinical Nurse Educator-Inspire Innovate Influence- All views are my own...ğŸ’¡ğŸğŸ¦‰ â„ï¸âš”ï¸ğŸ”¥ğŸ§©ğŸ³ï¸â€ğŸŒˆğŸ‡µğŸ‡­ğŸ‡¬ğŸ‡§ ğŸŠ,2018-05-21 00:17:42,119,608,3179,False,2021-01-21 12:01:08,Thank u @NHSuk and @CromwellHosp for keeping us safe. @theRCN #CovidVaccine #PfizerBioNTech ğŸ’šğŸ¼ğŸ’š   Well done to ourâ€¦ https://t.co/wY4umUl4Ku,"['CovidVaccine', 'PfizerBioNTech']",Twitter for iPhone,0,0,False
1430125307277713412,Atiqul Islam,"Dhaka, Bangladesh",https://t.co/lntxLgJdhH,2019-12-13 19:32:13,15223,174,2236,False,2021-08-24 11:10:18,"Ten lakh doses of #Pfizer vaccine gifted by the #USA, will arrive in #Bangladesh on August 30th. The consignment isâ€¦ https://t.co/3UlylMRPMq","['Pfizer', 'USA', 'Bangladesh']",Twitter for Android,0,13,False
1346151718510358528,Hartford Gay and Lesbian Health Collective,"Hartford, CT",The Hartford Gay and Lesbian Health Collective: The largest organization in #CT dedicated to serving the #LGBT communities and people living with #HIV/#AIDS.,2010-06-08 18:53:03,648,666,342,False,2021-01-04 17:49:14,Science nerd? Check out this study published @NEJM about the effectiveness of the #COVID19 #vaccine.â€¦ https://t.co/Jsf94kFFwG,"['COVID19', 'vaccine']",Twitter Web App,0,0,False
1428540939002277890,Lord Protein Musk,Internet,I detect #bigotry and #whiskey ğŸ˜ğŸ¥ƒ,2021-08-12 03:40:05,6,102,5,False,2021-08-20 02:14:35,"@Acyn Full Frontal Assault is the best way to regain your nationâ€™s sovereigntyâ€¦well done my boy!! ğŸ¯ğŸ‘ğŸ‘ğŸ‘

#COVID19â€¦ https://t.co/PsKK9NHh81",['COVID19'],Twitter for iPhone,0,0,False
1360925320883372036,Mayamahmoud,,"MD ğŸ‘©â€âš•ï¸
AUBMC
Beirut, Lebanon",2020-10-03 22:10:16,64,80,42,False,2021-02-14 12:14:15,"Covid-19 Vaccinated âœ… 
In science we trust
#PfizerBiontech 
#AUBMC
#Lebanon https://t.co/61NyGGjnDE","['PfizerBiontech', 'AUBMC', 'Lebanon']",Twitter for Android,0,50,False
1349367119549505536,Adam Jarvis,,"Former world traveller, now full time debunker of COVID ""science"" by tyrannical pro-lockdown governments. He/Him/They/AJ",2020-11-23 16:32:40,13,10,298,False,2021-01-13 14:46:05,"@fordnation I really like your new unofficial portrait Doug!
#cdnpoli #covidiots #PfizerBioNTech #EndTheLockdownsâ€¦ https://t.co/bRHoEsRVXV","['cdnpoli', 'covidiots', 'PfizerBioNTech', 'EndTheLockdowns']",Twitter Web App,0,0,False
1379073950924345345,Luis Gutierrez,Estados Unidos,Global GP Investing & Consulting,2015-09-04 11:49:52,42,164,127,False,2021-04-05 14:10:26,The #FDA has authorized three #covid-19 #vaccines. All three are #safe and #effective. #Pfizer #coronavirusâ€¦ https://t.co/6uRUPyFBOF,"['FDA', 'covid', 'vaccines', 'safe', 'effective', 'Pfizer', 'coronavirus']",Twitter for iPhone,0,0,False
1359890565404499980,Go-fredo,,""" people that elect corrupt politicians, imposters, thieves and traitors are not victims, but accomplices."" -Orwell",2017-09-03 03:22:24,5,0,409,False,2021-02-11 15:42:30,@AnitaOakville #Canada way down to 38th for #vaccine.... What new metric can you invent to distract us Anita?â€¦ https://t.co/A6Phxjy2EL,"['Canada', 'vaccine']",Twitter Web App,0,0,False
1431654009622777861,Russ Gooberman ğŸ—¿,"Los Angeles, CA",2x Webby-Award winning writer. Master of improvisation.  The contrarian's contrarian.  #SEO #ASO,2015-03-13 08:25:28,379,1729,11323,False,2021-08-28 16:24:49,"""People given both doses of the #PfizerBioNTech vaccine were almost six-fold more likely to contract aâ€¦ https://t.co/gxrpupUdDM",['PfizerBioNTech'],Twitter for Android,0,0,False
1354865684136779776,Sandra Bowes,,"Transplanted Haligonian with strong interests in trade union, human rights, mental health awareness; on the lighter side - photography, music and travel.",2011-05-03 11:27:38,289,1168,13195,False,2021-01-28 18:55:25,"#PfizerBioNTech say #vaccine #effective against #UK., #SAfrica virus mutations https://t.co/1cxb54XVoj via @CTVNews","['PfizerBioNTech', 'vaccine', 'effective', 'UK', 'SAfrica']",Twitter for iPhone,0,0,False
1339333057346727943,Whtrslugcaviiersong#dontstayhomeandcatchcovid19,Email:talksavailable@gmail.com,"Hot original songs available/ whtrslugcaviiersong.iam a black female
solo songwriter/singer/#songs for sale and or hire.cheers",2019-09-22 16:45:47,1238,368,12962,False,2020-12-16 22:14:19,@KensingtonRoyal So #scientists ğŸŒ haven't found HIV #vaccine &amp; some thought they might not find aâ€¦ https://t.co/ksLiSUzEov,"['scientists', 'vaccine']",Twitter for Android,1,1,False
1338690107868667907,Arinaitwe RugyendoğŸ‡ºğŸ‡¬,Uganda,Journalist Since 1998: MD @YoungEngneersUg: #TutuFellow @CransMontanaF: Board Chair @UPL : Associate @eeboworld & a #STEM Evangelist : Ad Majorem Dei Glorium,2009-06-16 12:01:43,29718,6069,16408,True,2020-12-15 03:39:28,"JUST IN: The #CoronavirusVaccine
Update. All you need to know about #PfizerBioNTech #Pfizervaccineâ€¦ https://t.co/6Cl8OitoCD","['CoronavirusVaccine', 'PfizerBioNTech', 'Pfizervaccine']",Twitter for Android,7,11,False
1344388195044225031,Jay Sheppard,"Merthyr Tydfil, Wales","â—Head of #Fundraising @pituitary_org
â—Director @KudosFundraisi3  
â—Proud Dad
â—#LFC fan
â— #encephalitis & #meningitis survivor 
â—VIEWS OWN",2010-05-20 08:53:21,6991,6834,3488,False,2020-12-30 21:01:37,Brilliant news about the #OxfordAstrazeneca vaccine being approved. Along with the #PfizerBioNTech - Now we just neâ€¦ https://t.co/JJpCYMJnDt,"['OxfordAstrazeneca', 'PfizerBioNTech']",Twitter for Android,0,7,False
1365931641181405191,Bakul Haria,India,"Engineer, Investment & location specialist - Greenfield, Brownfield development, Incentive packages",2009-10-24 05:45:18,20,28,45,False,2021-02-28 07:47:35,"This is worse than Colonialism, shame on big pharma &amp; many nations are  financing this. END VACCINE TERRORISMâ€¦ https://t.co/kVXbZXn2JT",,Twitter for Android,1,4,False
1368350935433408514,dry heaver,she/they     âš¢,ğš•ğš˜ğšğš’ğš. ğŸ¸ğŸº. ğ™±ğ™»ğ™¼. ğŸ³ï¸â€ğŸŒˆ,2018-04-09 03:19:34,7,146,713,False,2021-03-07 00:01:00,"Got my 2nd pfizer covid vaccine yesterday. I didn't have any serious symptoms the day of or today, just a sore armâ€¦ https://t.co/El6u2g8wyB",,Twitter for iPhone,0,0,False
1420275929515974659,Michael Toledo,,"Im a good ol' boy:


LATI, ConsultorÃ­a TICs.
Biker, Gamer and Beatle",2019-12-10 23:19:52,24,173,17783,False,2021-07-28 06:52:23,ğŸ’‰ğŸ’ª Mission Complete #PfizerVaccine #Pfizer #PfizerBiontech #vaccinated #CertificadoDeVacunacion https://t.co/Eo9NEiGaBw,"['PfizerVaccine', 'Pfizer', 'PfizerBiontech', 'vaccinated', 'CertificadoDeVacunacion']",Twitter for Android,0,0,False
1430066260755238912,PERVERTALERTA!,,Peeple with penuses are not wammen. u mad? #FreeKyle #FreeDerek #FreeJames #JusticeForAshliBabbit,2016-04-09 07:25:44,416,4529,80319,False,2021-08-24 07:15:40,@US_FDA Why are you lying? You simply revised and extended the Emergency Use Authorization. Full approval wonâ€™t beâ€¦ https://t.co/orzsHVSc1s,,Twitter for iPhone,1,0,False
1343629060795195394,Emi Mei,,"Roman, #wine #food #journalist #sommelier #maitre IT, ESP, ENG, DE, FR. I â¤ï¸ #winelover and Iâ€™m an Awaken #Patriot",2008-12-27 02:52:58,4567,5000,51404,False,2020-12-28 18:45:06,"Quindi che caxxo li famo a faâ€™? 
Hence, what the fcuk should we get the jab for? #COVID19 #CovidVaccineâ€¦ https://t.co/HKHiMKkJjg","['COVID19', 'CovidVaccine']",Twitter for iPhone,0,0,False
1421388156595736578,Ù…ÛØ± Ø§Ù„Ù…Ø¹ÛŒÙ† Ø§Ù„Ù…Ø¹Ù„ÙˆÙ…,Ø³ÛŒØ§Ø±Û Ø²Ù…ÛŒÙ†,,2009-09-12 15:25:20,343,236,18336,False,2021-07-31 08:31:59,"@JesseMatchey What is the definition of #FullyVaccinated?

Two doses? Booster shots?

What brand?
Double jabbed witâ€¦ https://t.co/YV0hOFIfxU",['FullyVaccinated'],Twitter for Android,0,1,False
1348914618572431360,Michelle Dadley,"Coventry, England",A Twitter Newbie!! Just here to make friends and follow some of my favourite people.,2010-11-17 11:02:56,11,90,71,False,2021-01-12 08:48:01,@piersmorgan Iâ€™m glad you asked @kitmalthouse about the second jab for the elderly. My 81 year old Nan has been shiâ€¦ https://t.co/oHPjXxWUkK,,Twitter for iPhone,0,0,False
1359795433569210371,Sa,"London, UK",Research programme director & writer,2010-11-02 16:08:00,380,255,954,False,2021-02-11 09:24:29,"Comparison of the 6 top COVID VACCINESMedium star
including efficacy, how they work, variants data, etc.

#Pfizerâ€¦ https://t.co/1xcATuimNb",['Pfizer'],Twitter Web App,0,1,False
1433027456328355848,Nazma Akter,"Dhaka, Bangladesh",à¦¸à¦­à¦¾à¦ªà¦¤à¦¿ à¦¯à§à¦¬à¦®à¦¹à¦¿à¦²à¦¾ à¦²à§€à¦—à¥¤,2021-04-10 14:36:43,1244,85,280,False,2021-09-01 11:22:24,10 lakh doses of #PfizerBioNTech #Covid19Vaccine will arrive in #Bangladesh from #UnitedStates today. The next 50 lâ€¦ https://t.co/IC8gqaBBT3,"['PfizerBioNTech', 'Covid19Vaccine', 'Bangladesh', 'UnitedStates']",Twitter for Android,0,5,False
1428810711770222594,OneğŸ’šOneğŸŒOneğŸ,"Texas, USA",#CANNABIS WILL CHANGE THE ğŸŒâœŒï¸ğŸ’“â˜®ï¸   #marihuanataxactof1937 #harryjanslinger #fuckdonaldtrump #blacklivesmatter #policebrutality #publicservants #corruption,2016-05-07 08:54:46,143,305,3122,False,2021-08-20 20:06:34,Wow! They won't let me comment with links to the truth! ğŸ˜‚ ğŸ¤£ How scandalous! I'll just put the links in my commentsâ€¦ https://t.co/ugALTGmCe3,,Twitter for Android,0,0,False
1371034532648865793,Sophie Octavia,Singapore,"Coffee addict, public health enthusiast, -omics dabbler, slave of the bacterial world",2018-04-25 14:16:51,86,106,261,False,2021-03-14 09:44:39,"One day after my first dose of #PfizerBioNTech, I had backache, malaise and chills. With my second dose, Iâ€™m perfecâ€¦ https://t.co/wIs5JOyEcc",['PfizerBioNTech'],Twitter for iPhone,0,7,False
1362775477195313164,Fundamentals First,,"Scale and flex your business with an IT consultancy offering a UK based, 24x7 Network Operations Centre (NOC), Security Operations Centre (SOC) and consultancy.",2020-11-11 17:00:30,4,0,0,False,2021-02-19 14:46:07,North Korea is accused of attempting to steal Covid-19 vaccine information from the US pharmaceutical company Pfizeâ€¦ https://t.co/NQysI111Hl,,Twitter Web App,0,0,False
